S,B,latency,memory,energy,is_validation,status
32,134,0.0011224999998376006,30160896,0.0954346590909091,True,OK
32,256,0.0011047999996662838,41164800,0.14109292929292927,False,OK
416,256,0.13529709999966144,3027337216,19.697444444444443,True,OK
256,128,0.03434989999914251,1137803264,5.7161333333333335,False,OK
400,1,0.000554599999304628,24735744,0.08734232804232804,True,OK
480,2,0.0013353000013012206,45064192,0.22120592020592023,True,OK
400,32,0.017371300000377232,605388800,2.926137931034483,True,OK
256,248,0.04239960000086285,1118928896,7.281916666666667,True,OK
384,64,0.03031109999938053,886145024,5.226272727272728,False,OK
400,128,0.05494689999977709,1407418368,9.347526315789475,True,OK
432,4,0.0020332999993115664,64561152,0.3517063492063492,True,OK
128,256,0.01765960000011546,1003585536,2.9669827586206896,False,OK
416,2,0.00097749999986263,37265408,0.17443823529411764,True,OK
400,256,0.10857860000032815,2800058368,19.436999999999998,True,OK
400,248,0.11187819999940984,2712526848,19.3676,True,OK
400,64,0.032862899999599904,912687104,5.610774193548387,True,OK
64,203,0.001968200000192155,99041280,0.33876761904761904,True,OK
512,64,0.0454451000005065,1154580480,8.13159090909091,False,OK
32,203,0.0009147000000666594,37058560,0.10189241622574957,True,OK
224,4,0.0006301999983406859,27418624,0.1071518987341772,False,OK
384,128,0.04967149999902176,1297186816,8.537714285714285,False,OK
512,256,0.17557850000048347,4577132544,29.796833333333336,False,OK
416,32,0.014967499999329448,392003584,2.5789855072463768,True,OK
432,1,0.0006221000003279187,26808320,0.1054827380952381,True,OK
384,8,0.0032790999994176673,94470144,0.5639873015873016,False,OK
128,4,0.0009845000004133908,58425344,0.12313142857142859,False,OK
32,4,0.0004011000000900822,16300032,0.01568081494057725,False,OK
512,203,0.13914550000117742,3633414144,24.316625,True,OK
32,64,0.0006962000006751623,21626880,0.04094853737811484,False,OK
256,16,0.0030102000000624685,85090304,0.5086517857142857,False,OK
64,4,0.0008813000004010973,54165504,0.04950446428571429,False,OK
400,203,0.08883590000004915,2224128000,16.339583333333334,True,OK
32,1,0.0006119000008766307,16189440,0.014873251028806586,False,OK
416,134,0.06313930000032997,1591754752,11.15525,True,OK
416,8,0.003872199999022996,108953600,0.6905476190476191,True,OK
416,203,0.09581699999944249,2402594816,16.337727272727275,True,OK
128,134,0.009026399999129353,354254848,1.5199565217391304,True,OK
416,16,0.0081028000004153,203259904,1.4027619047619047,True,OK
384,256,0.0992141000006086,2580643840,17.788181818181815,False,OK
128,8,0.0005590999990090495,37396480,0.07166751787538304,False,OK
480,1,0.0007183000016084407,29548544,0.12231608005521048,True,OK
256,134,0.03712020000057237,1177649152,6.537703703703704,True,OK
384,1,0.00048459999925398733,24223744,0.07975404530744337,False,OK
512,8,0.005981899999824236,156336128,1.0583809523809524,False,OK
416,248,0.1172446000000491,2933882880,21.839222222222222,True,OK
480,128,0.0779036999992968,2020704256,13.79330769230769,True,OK
416,128,0.058647100000598584,1521582080,10.932444444444444,True,OK
384,203,0.07880889999978535,2049736704,13.81223076923077,True,OK
432,128,0.06341380000048957,1639809024,11.0790625,True,OK
224,64,0.009456499999942025,233144320,1.6335545454545455,False,OK
128,248,0.017010300000038114,982614016,2.9369500000000004,True,OK
480,8,0.005259300000034273,140017664,0.9042020202020202,True,OK
256,8,0.001479000000472297,49381376,0.2502958152958153,False,OK
32,16,0.0004515000000537839,16742400,0.018686363636363636,False,OK
432,64,0.03285979999964184,826834944,5.7532903225806455,True,OK
224,256,0.03722779999952763,1281458176,6.430259259259259,False,OK
512,32,0.022805599999628612,584155136,4.039909090909091,False,OK
64,128,0.0012394999994285172,68255744,0.20816785714285713,False,OK
128,128,0.00834720000057132,338788352,1.3953440000000001,False,OK
400,8,0.0036158000002615154,102244352,0.6277412587412587,True,OK
400,4,0.0017762999996193685,58507264,0.3030340136054422,True,OK
32,2,0.00042349999966972973,16226304,0.01600726392251816,False,OK
224,128,0.019062299999859533,790200320,3.1914074074074077,False,OK
432,16,0.00877770000079181,218152960,1.5597304347826086,True,OK
512,128,0.08794739999939338,2295431168,16.38775,False,OK
480,248,0.15615129999969213,3899752448,27.915857142857142,True,OK
32,8,0.00041149999924527947,16447488,0.015999586776859503,False,OK
64,2,0.0003505000004224712,19562496,0.013820925553319919,False,OK
432,248,0.12643750000097498,3162243072,22.2615,True,OK
512,1,0.0008015000003069872,31555584,0.13707834101382488,False,OK
64,8,0.000872299999173265,57245696,0.05688659147869674,False,OK
64,32,0.0004527000000962289,28213248,0.0627659090909091,False,OK
432,8,0.0042257000004610745,117309440,0.7409669421487604,True,OK
512,248,0.1703471000000718,4434526208,29.729666666666663,True,OK
432,256,0.1263965999987704,3263528960,22.2735,True,OK
256,64,0.01766489999863552,718372864,3.012396551724138,False,OK
416,4,0.0018916999997600215,61857792,0.3275915750915751,True,OK
256,256,0.044045199998436146,1154580480,7.716869565217391,False,OK
128,64,0.004388100000142003,194142208,0.7245367965367965,False,OK
256,4,0.0007810000006429618,31555584,0.13398660714285715,False,OK
64,16,0.0007559999994555255,65110016,0.07096442687747036,False,OK
480,203,0.1276928000006592,3195985920,22.35325,True,OK
384,2,0.0008212000011553755,33783808,0.14192857142857143,False,OK
224,2,0.0004184000008535804,20996096,0.060776050420168065,False,OK
128,32,0.0015778999986650888,49381376,0.2567741935483871,False,OK
256,1,0.00033849999999802094,18186240,0.043706050841389184,False,OK
432,2,0.0010627999999996973,40730624,0.19021276595744682,True,OK
480,64,0.0402923000001465,1017479168,7.197,True,OK
480,134,0.08431229999951029,2115272704,14.853250000000001,True,OK
32,128,0.0007605999999213964,28213248,0.06874505494505495,False,OK
64,1,0.000330299999404815,19415040,0.013642732659463227,False,OK
64,248,0.0035654000002978137,294805504,0.5428877551020408,True,OK
512,2,0.0014912999995431164,49381376,0.24850072150072153,False,OK
64,64,0.0007289000004675472,41164800,0.11601120448179271,False,OK
480,16,0.0101570000006177,264404992,1.7588499999999998,True,OK
256,2,0.0004731999997602543,22716416,0.07477777777777778,False,OK
32,248,0.0010177000003750436,40869888,0.12100971817298349,True,OK
512,4,0.0029524000001401873,85090304,0.5004346590909091,False,OK
400,16,0.007483200000933721,190021632,1.296782608695652,True,OK
384,134,0.052123999999821535,1358921728,8.966249999999999,True,OK
224,203,0.03201720000106434,1078476800,5.48134375,True,OK
256,32,0.005993300001136959,156336128,1.067797619047619,False,OK
256,203,0.05513439999958791,1630371840,9.707666666666666,True,OK
224,8,0.0011843000011140248,41443328,0.19785714285714284,False,OK
224,248,0.03919830000086222,1250918400,6.476423076923077,True,OK
128,2,0.0003085000007558847,15958016,0.026657894736842103,False,OK
384,4,0.001595600000655395,53837824,0.2804016129032258,False,OK
224,32,0.004612299999280367,123961344,0.7919363636363637,False,OK
512,134,0.09673520000069402,2402385920,17.05727272727273,True,OK
224,16,0.002172499998778221,68321280,0.3905304347826087,False,OK
432,32,0.016934700001002057,421199872,2.823,True,OK
224,1,0.0003298999999969965,17182720,0.03621688741721854,False,OK
416,64,0.03225650000058522,767918080,5.31346875,True,OK
432,134,0.07190470000023197,1715550208,12.258571428571429,True,OK
384,248,0.09955500000069151,2501476352,17.272,True,OK
128,16,0.0008022000001801644,31555584,0.1399209677419355,False,OK
384,16,0.00684469999941939,175210496,1.2191836734693877,False,OK
400,2,0.0009270999998989282,35489792,0.1674490566037736,True,OK
416,1,0.0006124999999883585,26591232,0.09678507295173962,True,OK
224,134,0.02179699999942386,812679168,3.6938913043478263,True,OK
400,134,0.06090729999959876,1473658880,11.285647058823528,True,OK
480,256,0.16021420000106446,4025581568,27.748142857142856,True,OK
480,4,0.002607299998999224,76398592,0.45380263157894735,True,OK
384,32,0.017148200000519864,592543744,2.829016666666667,False,OK
480,32,0.020458000000871834,516128768,3.48022,True,OK
128,1,0.00032310000096913427,14843904,0.015751180637544274,False,OK
64,256,0.0036496000011538854,301096960,0.5777692307692307,False,OK
512,16,0.01192559999981313,298942464,2.0363571428571428,False,OK
128,203,0.013909999999668798,509509632,2.379916666666667,True,OK
64,134,0.0013295999997353647,72253440,0.22318275418275418,True,OK
32,32,0.00046320000001287553,18370560,0.02641682242990654,False,OK
432,203,0.10679390000041167,2591363072,19.131,True,OK
