S,B,latency,memory,energy,is_validation,status,flops_pred,bytes_pred,memory_pred,latency_pred,energy_pred
32,134,0.0011224999998376,30160896,0.0954346590909091,True,OK,2472357888.0,55259248.0,13491984.0,0.0006417623760327398,0.07980879215771854
32,256,0.0011047999996662,41164800,0.1410929292929292,False,OK,4723310592.0,101781264.0,21987088.0,0.000962476035694726,0.14132519512632272
416,256,0.1352970999996614,3027337216,19.697444444444443,True,OK,784763191296.0,16132411152.0,3016720144.0,0.11147449636747261,21.432548474465623
256,128,0.0343498999991425,1137803264,5.7161333333333335,False,OK,148619132928.0,3058714384.0,574586640.0,0.0213469933853069,4.068887760166529
400,1,0.0005545999993046,24735744,0.087342328042328,True,OK,2834233344.0,62409888.0,15041296.0,0.0006910574866170573,0.08960274823682392
480,2,0.0013353000013012,45064192,0.2212059202059202,True,OK,8162316288.0,171909680.0,35495696.0,0.0014459275899364465,0.2350336369033847
400,32,0.0173713000003772,605388800,2.926137931034483,True,OK,90695467008.0,1868116240.0,352321296.0,0.013139243146172626,2.4877984844889416
256,248,0.0423996000008628,1118928896,7.281916666666667,True,OK,287949570048.0,5922357904.0,1109360400.0,0.041088390517936155,7.871993539584059
384,64,0.0303110999993805,886145024,5.226272727272728,False,OK,167171457024.0,3439846160.0,645889808.0,0.023974441144544854,4.575234115827096
400,128,0.054946899999777,1407418368,9.347526315789477,True,OK,362781868032.0,7459981072.0,1396801296.0,0.05168846325318342,9.914469151592275
432,4,0.0020332999993115,64561152,0.3517063492063492,True,OK,13223190528.0,275920208.0,54923024.0,0.002162955783174149,0.3731716795435149
128,256,0.0176596000001154,1003585536,2.9669827586206896,False,OK,74369728512.0,1533087504.0,289373968.0,0.010829620708174895,2.0423272736387603
416,2,0.0009774999998626,37265408,0.1744382352941176,True,OK,6130962432.0,130163248.0,27696912.0,0.0011581358703224415,0.17958774294677193
400,256,0.1085786000003281,2800058368,19.437,True,OK,725563736064.0,14915800848.0,2789441296.0,0.10308742339586446,19.81669670773005
400,248,0.1118781999994098,2712526848,19.3676,True,OK,702889869312.0,14449812112.0,2702401296.0,0.09987498838694692,19.19780748547144
400,64,0.0328628999995999,912687104,5.610774193548387,True,OK,181390934016.0,3732071184.0,700481296.0,0.02598898318184289,4.963355373523386
64,203,0.0019682000001921,99041280,0.338767619047619,True,OK,14790924288.0,308567104.0,60702480.0,0.0023880170851771462,0.4160879045208471
512,64,0.0454451000005065,1154580480,8.13159090909091,False,OK,297178103808.0,6111617808.0,1145011984.0,0.04239311119984117,8.123771329050314
32,203,0.0009147000000666,37058560,0.1018924162257495,True,OK,3745437696.0,81570880.0,18296592.0,0.0008231496097759944,0.11460085613176518
224,4,0.0006301999983406,27418624,0.1071518987341772,False,OK,3556122624.0,77251920.0,17809168.0,0.0007933755460825006,0.10930863062499169
384,128,0.0496714999990217,1297186816,8.537714285714285,False,OK,334342914048.0,6875531024.0,1287618320.0,0.04765937917858735,9.138226636199697
512,256,0.1755785000004834,4577132544,29.796833333333336,False,OK,1188712415232.0,24433987344.0,4567564048.0,0.16870393546785759,32.45836052983776
416,32,0.0149674999993294,392003584,2.5789855072463768,True,OK,98095398912.0,2020192528.0,380731152.0,0.014187627267623643,2.689779955330888
432,1,0.0006221000003279,26808320,0.1054827380952381,True,OK,3305797632.0,72101024.0,16851728.0,0.0007578662786703085,0.10247411647675188
384,8,0.0032790999994176,94470144,0.5639873015873016,False,OK,20896432128.0,433621904.0,84377360.0,0.0032501203647576733,0.5826156605010724
128,4,0.0009845000004133,58425344,0.1231314285714285,False,OK,1162027008.0,28050768.0,8617744.0,0.00045419244796599483,0.04396168417612664
32,4,0.00040110000009,16300032,0.0156808149405772,False,OK,73801728.0,5686608.0,4439824.0,0.00030001831245849217,0.014258526699369806
512,203,0.1391455000011774,3633414144,24.316625,True,OK,942611798016.0,19376249920.0,3622797072.0,0.1338368850188739,25.740999969203727
32,64,0.0006962000006751,21626880,0.0409485373781148,False,OK,1180827648.0,28566288.0,8617744.0,0.0004577463418004526,0.04451249537245383
256,16,0.0030102000000624,85090304,0.5086517857142857,False,OK,18577391616.0,385980432.0,75464464.0,0.002921689394852929,0.5193223660435015
64,4,0.000881300000401,54165504,0.0495044642857142,False,OK,291446784.0,10159440.0,5275408.0,0.0003308531395599927,0.020199158194721175
400,203,0.0888359000000491,2224128000,16.339583333333334,True,OK,575349368832.0,11828625472.0,2212801296.0,0.0818050414617856,15.716555610266752
32,1,0.0006119000008766,16189440,0.0148732510288065,False,OK,18450432.0,4542624.0,4230928.0,0.0002921319109913942,0.012745828265715606
416,134,0.0631393000003299,1591754752,11.15525,True,OK,410774482944.0,8446292080.0,1581047568.0,0.05848789801844773,11.224433477436884
416,8,0.0038721999990229,108953600,0.6905476190476191,True,OK,24523849728.0,508169104.0,98303760.0,0.0037640341497826822,0.6816261854235952
416,203,0.0958169999994424,2402594816,16.337727272727275,True,OK,622292686848.0,12793359424.0,2393026320.0,0.08845572823224049,16.99787556592035
128,134,0.0090263999991293,354254848,1.5199565217391304,True,OK,38927904768.0,804458608.0,153452304.0,0.005806595915534079,1.0748645676290727
416,16,0.0081028000004153,203259904,1.4027619047619049,True,OK,49047699456.0,1012176912.0,192446224.0,0.007238565189063003,1.3510107753926928
384,256,0.0992141000006086,2580643840,17.788181818181815,False,OK,668685828096.0,13746900752.0,2571075344.0,0.09502925524667233,18.264211676944896
128,8,0.000559099999009,37396480,0.071667517875383,False,OK,2324054016.0,51940240.0,13074192.0,0.0006188817854296282,0.07568177289775575
480,1,0.0007183000016084,29548544,0.1223160800552104,True,OK,4081158144.0,88035488.0,19828496.0,0.0008677153502194041,0.12363761617894112
256,134,0.0371202000005723,1177649152,6.537703703703704,True,OK,155585654784.0,3201896560.0,601325328.0,0.022334063241938363,4.259043049137405
384,1,0.0004845999992539,24223744,0.0797540453074433,False,OK,2612054016.0,57843872.0,14188304.0,0.0006595802672842755,0.0835383535853194
512,8,0.0059818999998242,156336128,1.0583809523809524,False,OK,37147262976.0,767593360.0,146767632.0,0.005552454121669713,1.0261828121539744
416,248,0.1172446000000491,2933882880,21.839222222222222,True,OK,760239341568.0,15628403344.0,2922577680.0,0.10799996532819231,20.763163884496525
480,128,0.0779036999992968,2020704256,13.79330769230769,True,OK,522388242432.0,10740057872.0,2009562896.0,0.07430066979428382,14.270932248183277
416,128,0.0586471000005985,1521582080,10.932444444444444,True,OK,392381595648.0,8068286224.0,1510440720.0,0.05588199973898749,10.72239503496006
384,203,0.0788088999997853,2049736704,13.81223076923077,True,OK,530246965248.0,10901724224.0,2039643920.0,0.07541516593723091,14.485483496011335
432,128,0.0634138000004895,1639809024,11.0790625,True,OK,423142096896.0,8700446480.0,1628536592.0,0.06023998863599957,11.562004286303052
224,64,0.009456499999942,233144320,1.6335545454545457,False,OK,56897961984.0,1173611280.0,222527248.0,0.008351462079784587,1.565314158182404
128,248,0.0170103000000381,982614016,2.9369500000000004,True,OK,72045674496.0,1485308560.0,280461072.0,0.010500242033247629,1.978887096195502
480,8,0.0052593000000342,140017664,0.9042020202020202,True,OK,32649265152.0,675154832.0,129498896.0,0.004915201028238701,0.9034097612500462
256,8,0.0014790000004722,49381376,0.2502958152958153,False,OK,9288695808.0,195070864.0,39812880.0,0.001605596252677645,0.2657819807489995
32,16,0.0004515000000537,16742400,0.0186863636363636,False,OK,295206912.0,10262544.0,5275408.0,0.00033156391832688426,0.020309320433986613
432,64,0.0328597999996418,826834944,5.7532903225806455,True,OK,211571048448.0,4352303888.0,816348944.0,0.030264745873250964,5.787122940878775
224,256,0.0372277999995276,1281458176,6.430259259259259,False,OK,227591847936.0,4681961232.0,877625104.0,0.03253733898763127,6.224531846366123
512,32,0.0228055999996286,584155136,4.039909090909091,False,OK,148589051904.0,3057889552.0,574586640.0,0.021341307155171768,4.068006462252406
64,128,0.0012394999994285,68255744,0.2081678571428571,False,OK,9326297088.0,196101904.0,39812880.0,0.0016127040403465607,0.2668836031416539
128,128,0.0083472000005713,338788352,1.395344,False,OK,37184864256.0,768624400.0,146767632.0,0.005559561909338628,1.0272844345466288
400,8,0.0036158000002615,102244352,0.6277412587412587,True,OK,22673866752.0,470150032.0,91201296.0,0.0035019381194199275,0.6311308177131085
400,4,0.0017762999996193,58507264,0.3030340136054422,True,OK,11336933376.0,237155664.0,47681296.0,0.0018957206149611446,0.32168620658380304
32,2,0.0004234999996697,16226304,0.0160072639225181,False,OK,36900864.0,4923952.0,4300560.0,0.00029476071148042685,0.013250061076933672
224,128,0.0190622999998595,790200320,3.191407407407408,False,OK,113795923968.0,2343061264.0,440893200.0,0.016413421049066814,3.11838672091031
432,16,0.0087777000007918,218152960,1.5597304347826086,True,OK,52892762112.0,1091196944.0,207208208.0,0.007783313801189512,1.455961931810567
512,128,0.0879473999993933,2295431168,16.38775,False,OK,594356207616.0,12219074320.0,2285862672.0,0.08449671928917998,16.23530106264613
480,248,0.1561512999996921,3899752448,27.915857142857146,True,OK,1012127219712.0,20804960912.0,3889626896.0,0.1436861385603289,27.63845473511651
32,8,0.0004114999992452,16447488,0.0159995867768595,False,OK,147603456.0,7211920.0,4718352.0,0.00031053351441462287,0.016275457944242074
64,2,0.0003505000004224,19562496,0.0138209255533199,False,OK,145723392.0,7160368.0,4718352.0,0.00031017812503117713,0.016220376824609358
432,248,0.1264375000009749,3162243072,22.2615,True,OK,819837812736.0,16853213840.0,3151388432.0,0.1164435688161532,22.389906808973578
512,1,0.0008015000003069,31555584,0.1370783410138248,False,OK,4643407872.0,99590304.0,21987088.0,0.0009473719868982803,0.13898424754193217
64,8,0.0008722999991732,57245696,0.0568865914786967,False,OK,582893568.0,16157584.0,6389520.0,0.000372203168617624,0.028156720934944812
64,32,0.0004527000000962,28213248,0.0627659090909091,False,OK,2331574272.0,52146448.0,13074192.0,0.0006203033429634114,0.07590209737628663
432,8,0.004225700000461,117309440,0.7409669421487604,True,OK,26446381056.0,547679120.0,105684752.0,0.004036408455845937,0.7341017636325322
512,248,0.1703471000000718,4434526208,29.729666666666663,True,OK,1151565152256.0,23670555280.0,4424957712.0,0.16344098445669025,31.444419313138283
432,256,0.1263965999987704,3263528960,22.2735,True,OK,846284193792.0,17396731664.0,3252911888.0,0.12019047416149678,23.11176697715161
256,64,0.0176648999986355,718372864,3.012396551724138,False,OK,74309566464.0,1531437840.0,289373968.0,0.01081824824790463,2.0405646778105133
416,4,0.00189169999976,61857792,0.3275915750915751,True,OK,12261924864.0,256165200.0,51232528.0,0.002026768630142522,0.3469338904390464
256,256,0.0440451999984361,1154580480,7.716869565217391,False,OK,297238265856.0,6113267472.0,1145011984.0,0.04240448366011144,8.12553392487856
128,64,0.004388100000142,194142208,0.7245367965367965,False,OK,18592432128.0,386392848.0,75464464.0,0.002924532509920495,0.5197630150005632
256,4,0.0007810000006429,31555584,0.1339866071428571,False,OK,4644347904.0,99616080.0,21987088.0,0.0009475496815900033,0.13901178810174852
64,16,0.0007559999994555,65110016,0.0709644268774703,False,OK,1165787136.0,28153872.0,8617744.0,0.00045490322673288636,0.04407184641539208
480,203,0.1276928000006592,3195985920,22.35325,True,OK,828475103232.0,17030622272.0,3184602896.0,0.11766658777306199,22.625633802516546
384,2,0.0008212000011553,33783808,0.1419285714285714,False,OK,5224108032.0,111526448.0,24215312.0,0.0010296574240661895,0.15483511171614128
224,2,0.0004184000008535,20996096,0.060776050420168,False,OK,1778061312.0,40706608.0,10985232.0,0.0005414393282924311,0.060775113039744616
128,32,0.001577899998665,49381376,0.2567741935483871,False,OK,9296216064.0,195277072.0,39812880.0,0.0016070178102114282,0.2660023052275304
256,1,0.000338499999998,18186240,0.0437060508413891,False,OK,1161086976.0,28024992.0,8617744.0,0.00045401475327427193,0.04393414361631028
432,2,0.0010627999999996,40730624,0.1902127659574468,True,OK,6611595264.0,140040752.0,29542160.0,0.0012262294468382553,0.1927066374990062
480,64,0.0402923000001465,1017479168,7.197,True,OK,261194121216.0,5372109584.0,1006862096.0,0.037295086452393086,7.141586921818887
480,134,0.0843122999995102,2115272704,14.85325,True,OK,546875191296.0,11243303024.0,2103566096.0,0.07776994323258607,14.93930837252994
32,128,0.0007605999999213,28213248,0.0687450549450549,False,OK,2361655296.0,52971280.0,13074192.0,0.0006259895730985439,0.07678339529041013
64,1,0.0003302999994048,19415040,0.0136427326594632,False,OK,72861696.0,5660832.0,4439824.0,0.0002998406177667693,0.014230986139553446
64,248,0.0035654000002978,294805504,0.5428877551020408,True,OK,18069700608.0,376046224.0,73236240.0,0.0028532049120754974,0.505610485348363
512,2,0.0014912999995431,49381376,0.2485007215007215,False,OK,9286815744.0,195019312.0,39812880.0,0.0016052408632941993,0.2657268996293668
64,64,0.0007289000004675,41164800,0.1160112044817927,False,OK,4663148544.0,100131600.0,21987088.0,0.0009511035754244611,0.1395625992980757
480,16,0.0101570000006177,264404992,1.7588499999999998,True,OK,65298530304.0,1346148368.0,254836496.0,0.009540898945975042,1.7945779270455948
256,2,0.0004731999997602,22716416,0.0747777777777777,False,OK,2322173952.0,51888688.0,13074192.0,0.0006185263960461824,0.07562669177812303
32,248,0.001017700000375,40869888,0.1210097181729834,True,OK,4575707136.0,98730640.0,21430032.0,0.0009414456317824646,0.1372913326365782
512,4,0.0029524000001401,85090304,0.5004346590909091,False,OK,18573631488.0,385877328.0,75464464.0,0.002920978616086037,0.519212203804236
400,16,0.0074832000009337,190021632,1.296782608695652,True,OK,45347733504.0,936138768.0,178241296.0,0.0067143731283374935,1.2500200399717196
384,134,0.0521239999998215,1358921728,8.966249999999999,True,OK,350015238144.0,7197626480.0,1347780368.0,0.04987984211927884,9.566007184984628
224,203,0.0320172000010643,1078476800,5.48134375,True,OK,180473223168.0,3713510464.0,696790800.0,0.025861029216194424,4.9383936303570755
256,32,0.0059933000011369,156336128,1.067797619047619,False,OK,37154783232.0,767799568.0,146767632.0,0.005553875679203496,1.0264031366325053
256,203,0.0551343999995879,1630371840,9.707666666666666,True,OK,235700656128.0,4848491584.0,908820240.0,0.033685366593200185,6.445828872302485
224,8,0.001184300001114,41443328,0.1978571428571428,False,OK,7112245248.0,150342544.0,31457040.0,0.0012972479816626397,0.20637566579548583
224,248,0.0391983000008622,1250918400,6.476423076923077,True,OK,220479602688.0,4535779984.0,850329360.0,0.03152959411647099,6.030397776025135
128,2,0.0003085000007558,15958016,0.0266578947368421,False,OK,581013504.0,16106032.0,6389520.0,0.0003718477792341782,0.028101639815312093
384,4,0.0015956000006553,53837824,0.2804016129032258,False,OK,10448216064.0,218891600.0,44269328.0,0.0017698117376300174,0.297428627977785
224,32,0.0046122999992803,123961344,0.7919363636363637,False,OK,28448980992.0,588886288.0,113344272.0,0.004320482595143475,0.7887778768184508
512,134,0.096735200000694,2402385920,17.05727272727273,True,OK,622216654848.0,12791648368.0,2392817424.0,0.0884439325475555,16.995756975170735
224,16,0.0021724999987782,68321280,0.3905304347826087,False,OK,14224490496.0,296523792.0,58752784.0,0.0023049928528229183,0.4005097361364741
432,32,0.016934700001002,421199872,2.823,True,OK,105785524224.0,2178232592.0,410255120.0,0.015277124491876662,2.8996822681666363
224,1,0.0003298999999969,17182720,0.0362168874172185,False,OK,889030656.0,22433952.0,7573264.0,0.0004154712193973963,0.03650835424712108
416,64,0.0322565000005852,767918080,5.31346875,True,OK,196190797824.0,4036223760.0,757301008.0,0.028085751424744926,5.367318315207279
432,134,0.0719047000002319,1715550208,12.258571428571427,True,OK,442976882688.0,9108084848.0,1704679184.0,0.06305016764500726,12.10339941243658
384,248,0.0995550000006915,2501476352,17.272,True,OK,647789395968.0,13317440144.0,2490859280.0,0.09206863799241702,17.693837611898317
128,16,0.0008022000001801,31555584,0.1399209677419355,False,OK,4648108032.0,99719184.0,21987088.0,0.0009482604603568949,0.13912195034101396
384,16,0.0068446999994193,175210496,1.2191836734693875,False,OK,41792864256.0,863082512.0,164593424.0,0.006210737619012985,1.1529897255476473
400,2,0.0009270999998989,35489792,0.1674490566037736,True,OK,5668466688.0,120658480.0,25921296.0,0.001092611862731753,0.1669639010191503
416,1,0.0006124999999883,26591232,0.0967850729517396,True,OK,3065481216.0,67162272.0,15929104.0,0.0007238194904124016,0.09591466920063474
224,134,0.0217969999994238,812679168,3.6938913043478254,True,OK,119130107904.0,2452697200.0,461365008.0,0.017169229702437023,3.2639872736660513
400,134,0.0609072999995987,1473658880,11.285647058823528,True,OK,379787268096.0,7809472624.0,1462081296.0,0.0540977895098716,10.378636068286234
480,256,0.1602142000010644,4025581568,27.748142857142856,True,OK,1044776484864.0,21475954448.0,4014964496.0,0.14831183647806526,28.529622900912056
480,4,0.0026072999989992,76398592,0.4538026315789473,True,OK,16324632576.0,339658064.0,66830096.0,0.0026023520693705315,0.45782567835227184
384,32,0.0171482000005198,592543744,2.829016666666667,False,OK,83585728512.0,1722003728.0,325025552.0,0.01213197212752361,2.293737855640797
480,32,0.0204580000008718,516128768,3.48022,True,OK,130597060608.0,2688135440.0,505511696.0,0.018792294781447724,3.576914258636692
128,1,0.0003231000009691,14843904,0.0157511806375442,False,OK,290506752.0,10133664.0,5275408.0,0.00033067544486826983,0.020171617634904816
64,256,0.0036496000011538,301096960,0.5777692307692307,False,OK,18652594176.0,388042512.0,75464464.0,0.00293590497019076,0.5215256108288102
512,16,0.0119255999998131,298942464,2.0363571428571428,False,OK,74294525952.0,1531025424.0,289373968.0,0.010815405132837064,2.0401240288534517
128,203,0.0139099999996687,509509632,2.379916666666667,True,OK,58972870656.0,1216552000.0,230326032.0,0.008647486986781753,1.6220360980771746
64,134,0.0013295999997353,72253440,0.2231827541827541,True,OK,9763467264.0,205099120.0,41484048.0,0.0016747290839330075,0.27881994725198933
32,32,0.0004632000000128,18370560,0.0264168224299065,False,OK,590413824.0,16363792.0,6389520.0,0.00037362472615140704,0.028377045413475688
432,203,0.1067939000004116,2591363072,19.131,True,OK,671076919296.0,13795926080.0,2580318992.0,0.09536722624859559,18.32944336297213
